,March_1,March_2,April,May,Week46,Week47 ,Week48,Week49,Week50,Week51,Week52,Week53
1,0,0,0,0,0,0,0,0,0,0,0,0
2,0,0.54588792,0.54588792,0,0,0,0,0,0,0,0,0
3,0,0,0,0,0,0,0,0,0,0,0,0
4,0,0.69453412,0.69453412,0,0,0,0,0,0,0,0,0
5,0,0.681620017,0,0,0,0,0,0,0,0,0,0
6,0,0.066182391,0.066182391,0,0,0,0,0,0,0,0,0
7,0,0,0,0,0,0,0,0,0,0,0,0
8,0,0.044361828,0.044361828,0,0,0,0,0,0,0,0,0
9,0,0.54672599,0.54672599,0,0,0,0,0,0,0,0,0
10,0,0.73758583,0.73758583,0,0,0,0,0,0,0,0,0
11,0,0.760761006,0.734443527,0,0,0,0,0,0,0,0,0
12,0,0.551755103,0.313870732,0,0,0,0,0,0,0,0,0
13,0,0.459326813,0.459326813,0,0,0,0,0,0,0,0,0
14,0,0.590853891,0.590853891,0,0,0,0,0,0,0,0,0
15,0,0.7385519,0.7385519,0,0,0,0,0,0,0,0,0
16,0,0.383324288,0.375654743,0,0,0,0,0,0,0,0,0
17,0,0,0,0,0,0,0,0,0,0,0,0
18,0,0.512432302,0.509601866,0,0,0,0,0,0,0,0,0
19,0.18475396,0.383670484,0.374313651,0.163136173,0.127330799,0.127330799,0.127330799,0,0,0,0,0.127330799
20,0,0,0,0,0,0,0,0,0,0,0,0
21,0.635281917,0.73809138,0.643378443,0.695874581,0.619015745,0.619015745,0.619015745,0.619015745,0.619015745,0,0,0.619015745
22,0,0,0,0,0,0,0,0,0,0,0,0
23,0,0,0,0,0,0,0,0,0,0,0,0
24,0,0,0,0,0,0,0,0,0,0,0,0
25,0,0,0,0,0,0,0,0,0,0,0,0
26,0,0.2160063,0.2160063,0,0,0,0,0,0,0,0,0
27,0,0.106403055,0.042927992,0.019088951,0,0,0,0,0,0,0,0
28,0,0,0,0,0,0,0,0,0,0,0,0
29,0,0,0,0,0,0,0,0,0,0,0,0
30,0,0,0,0,0,0,0,0,0,0,0,0
31,0.607169174,0.8350095,0.8350095,0.8350095,0.408576392,0.408576392,0.408576392,0.408576392,0.408576392,0.408576392,0.408576392,0.408576392
32,0.616777684,0.802654963,0.6733763,0.616777684,0.616777684,0.616777684,0.616777684,0,0,0,0,0.616777684
33,0,0,0,0,0,0,0,0,0,0,0,0
34,0,0.618188,0.618188,0,0,0,0,0,0,0,0,0
35,0,0,0,0,0,0,0,0,0,0,0,0
36,0,0.598750393,0.598750393,0,0,0,0,0,0,0,0,0
37,0,0.744125037,0,0,0,0,0,0,0,0,0,0
38,0,0,0,0,0,0,0,0,0,0,0,0
39,0,0,0,0,0,0,0,0,0,0,0,0
40,0,0,0,0,0,0,0,0,0,0,0,0
41,0,0.362770829,0.362770829,0,0,0,0,0,0,0,0,0
42,0,0.7649921,0.7649921,0,0,0,0,0,0,0,0,0
43,0,0.7649921,0.743246562,0,0,0,0,0,0,0,0,0
44,0,0.6352941,0.076102939,0,0,0,0,0,0,0,0,0
45,0,0.321802727,0.321802727,0,0,0,0,0,0,0,0,0
46,0,0.6352941,0.6352941,0,0,0,0,0,0,0,0,0
47,0,0.7385519,0.7385519,0,0,0,0,0,0,0,0,0
48,0,0.520918997,0.520918997,0,0,0,0,0,0,0,0,0
49,0,0,0,0,0,0,0,0,0,0,0,0
50,0,0.592514438,0.575438114,0,0,0,0,0,0,0,0,0
51,0.206475033,0.323520981,0.317981383,0.185782971,0.138896785,0.138896785,0.138896785,0.138896785,0,0,0,0.138896785
52,0,0,0,0,0,0,0,0,0,0,0,0
53,0.458445475,0.552653527,0.539115845,0.533737343,0.45791733,0.45791733,0.45791733,0.45791733,0.45791733,0.45791733,0,0.45791733
54,0,0,0,0,0,0,0,0,0,0,0,0
55,0,0,0,0,0,0,0,0,0,0,0,0
56,0,0,0,0,0,0,0,0,0,0,0,0
57,0,0,0,0,0,0,0,0,0,0,0,0
58,0,0.2160063,0.2160063,0,0,0,0,0,0,0,0,0
59,0,0.122304709,0.038914585,0.022815944,0,0,0,0,0,0,0,0
60,0,0,0,0,0,0,0,0,0,0,0,0
61,0,0,0,0,0,0,0,0,0,0,0,0
62,0,0,0,0,0,0,0,0,0,0,0,0
63,0.757201717,0.8350095,0.8350095,0.8350095,0.418870313,0.418870313,0.418870313,0.418870313,0.418870313,0.418870313,0.418870313,0.418870313
64,0.614176043,0.808465046,0.666064486,0.614176043,0.614176043,0.614176043,0.614176043,0.614176043,0,0,0,0.614176043
65,0,0,0,0,0,0,0,0,0,0,0,0
66,0,0.201039208,0.201039208,0,0,0,0,0,0,0,0,0
67,0,0,0,0,0,0,0,0,0,0,0,0
68,0,0.6967732,0.6967732,0,0,0,0,0,0,0,0,0
69,0,0.659929043,0,0,0,0,0,0,0,0,0,0
70,0,0.114379414,0.114379414,0,0,0,0,0,0,0,0,0
71,0,0,0,0,0,0,0,0,0,0,0,0
72,0,0.036685868,0.036685868,0,0,0,0,0,0,0,0,0
73,0,0.491498495,0.491498495,0,0,0,0,0,0,0,0,0
74,0,0.710835297,0.710835297,0,0,0,0,0,0,0,0,0
75,0,0.752874911,0.723852838,0,0,0,0,0,0,0,0,0
76,0,0.570978021,0.276936179,0,0,0,0,0,0,0,0,0
77,0,0.382755898,0.382755898,0,0,0,0,0,0,0,0,0
78,0,0.573561604,0.573561604,0,0,0,0,0,0,0,0,0
79,0,0.7385519,0.7385519,0,0,0,0,0,0,0,0,0
80,0,0.42673038,0.417685198,0,0,0,0,0,0,0,0,0
81,0,0,0,0,0,0,0,0,0,0,0,0
82,0,0.515020736,0.51198344,0,0,0,0,0,0,0,0,0
83,0.16157778,0.427306328,0.413065882,0.143595501,0.116644866,0.116644866,0.116644866,0,0,0,0,0.116644866
84,0,0,0,0,0,0,0,0,0,0,0,0
85,0.623178626,0.716302954,0.633051457,0.673119866,0.614378912,0.614378912,0.614378912,0.614378912,0.614378912,0,0,0.614378912
86,0,0,0,0,0,0,0,0,0,0,0,0
87,0,0,0,0,0,0,0,0,0,0,0,0
88,0,0,0,0,0,0,0,0,0,0,0,0
89,0,0,0,0,0,0,0,0,0,0,0,0
90,0,0.2160063,0.2160063,0,0,0,0,0,0,0,0,0
91,0,0.125233871,0.053200434,0.018502017,0,0,0,0,0,0,0,0
92,0,0,0,0,0,0,0,0,0,0,0,0
93,0,0,0,0,0,0,0,0,0,0,0,0
94,0,0,0,0,0,0,0,0,0,0,0,0
95,0.547745691,0.8350095,0.8350095,0.8350095,0.341243486,0.341243486,0.341243486,0.341243486,0.341243486,0.341243486,0.341243486,0.341243486
96,0.635211229,0.798612967,0.683052629,0.635211229,0.635211229,0.635211229,0.635211229,0,0,0,0,0.635211229
97,0,0,0,0,0,0,0,0,0,0,0,0
98,0,0.618188,0.618188,0,0,0,0,0,0,0,0,0
99,0,0,0,0,0,0,0,0,0,0,0,0
100,0,0.695374288,0.695374288,0,0,0,0,0,0,0,0,0
101,0,0.700914992,0,0,0,0,0,0,0,0,0,0
102,0,0.096790512,0.096790512,0,0,0,0,0,0,0,0,0
103,0,0,0,0,0,0,0,0,0,0,0,0
104,0,0.003934032,0.003934032,0,0,0,0,0,0,0,0,0
105,0,0.307833612,0.307833612,0,0,0,0,0,0,0,0,0
106,0,0.654717849,0.654717849,0,0,0,0,0,0,0,0,0
107,0,0.757715933,0.743586917,0,0,0,0,0,0,0,0,0
108,0,0.535088916,0.321772185,0,0,0,0,0,0,0,0,0
109,0,0.487473933,0.487473933,0,0,0,0,0,0,0,0,0
110,0,0.607816559,0.607816559,0,0,0,0,0,0,0,0,0
111,0,0.7385519,0.7385519,0,0,0,0,0,0,0,0,0
112,0,0.420411695,0.41472585,0,0,0,0,0,0,0,0,0
113,0,0,0,0,0,0,0,0,0,0,0,0
114,0,0.579040688,0.575412695,0,0,0,0,0,0,0,0,0
115,0.173005735,0.405596289,0.396001596,0.153119717,0.072470664,0.072470664,0.072470664,0.072470664,0,0,0,0.194646745
116,0,0,0,0,0,0,0,0,0,0,0,0
117,0.335343682,0.438182581,0.419962572,0.426435497,0.173714804,0.173714804,0.173714804,0.173714804,0.173714804,0.173714804,0,0.506674362
118,0,0,0,0,0,0,0,0,0,0,0,0
119,0,0,0,0,0,0,0,0,0,0,0,0
120,0,0,0,0,0,0,0,0,0,0,0,0
121,0,0,0,0,0,0,0,0,0,0,0,0
122,0,0.2160063,0.2160063,0,0,0,0,0,0,0,0,0
123,0,0.173726978,0.046457543,0.029523019,0,0,0,0,0,0,0,0
124,0,0,0,0,0,0,0,0,0,0,0,0
125,0,0,0,0,0,0,0,0,0,0,0,0
126,0,0,0,0,0,0,0,0,0,0,0,0
127,0.603971589,0.8350095,0.8350095,0.8350095,0.860843499,0.860843499,0.860843499,0.860843499,0.860843499,0.860843499,0.860843499,0.866813232
128,0.638892361,0.81223642,0.692307841,0.638892361,0.309798619,0.309798619,0.309798619,0.309798619,0,0,0,0.948690981
129,0,0,0,0,0,0,0,0,0,0,0,0
130,0,0.608556942,0.608556942,0,0,0,0,0,0,0,0,0
131,0,0.000528448,0.000528448,0,0,0,0,0,0,0,0,0
132,0,0.731057376,0.731057376,0,0,0,0,0,0,0,0,0
133,0,0.673261806,0,0,0,0,0,0,0,0,0,0
134,0,0.103397347,0.103397347,0,0,0,0,0,0,0,0,0
135,0,0,0,0,0,0,0,0,0,0,0,0
136,0,0.045108412,0.045108412,0,0,0,0,0,0,0,0,0
137,0,0.504989884,0.504989884,0,0,0,0,0,0,0,0,0
138,0,0.658915782,0.658915782,0,0,0,0,0,0,0,0,0
139,0,0.753145596,0.732567684,0,0,0,0,0,0,0,0,0
140,0,0.584901825,0.329750729,0,0,0,0,0,0,0,0,0
141,0,0.403467067,0.403467067,0,0,0,0,0,0,0,0,0
142,0,0.592613904,0.592613904,0,0,0,0,0,0,0,0,0
143,0,0.7385519,0.7385519,0,0,0,0,0,0,0,0,0
144,0,0.450389165,0.448181103,0,0,0,0,0,0,0,0,0
145,0,0,0,0,0,0,0,0,0,0,0,0
146,0,0.524590328,0.516594903,0,0,0,0,0,0,0,0,0
147,0.183612241,0.425846282,0.414155712,0.162351011,0,0,0,0,0,0,0,0.133900275
148,0,0,0,0,0,0,0,0,0,0,0,0
149,0.600502544,0.663397203,0.617448536,0.610768374,0,0,0,0,0,0,0,0.583210295
150,0,0,0,0,0,0,0,0,0,0,0,0
151,0,0,0,0,0,0,0,0,0,0,0,0
152,0,0,0,0,0,0,0,0,0,0,0,0
153,0,0,0,0,0,0,0,0,0,0,0,0
154,0,0.2160063,0.2160063,0,0,0,0,0,0,0,0,0
155,0,0.116044275,0.038307017,0.01786628,0,0,0,0,0,0,0,0
156,0,0,0,0,0,0,0,0,0,0,0,0
157,0,0,0,0,0,0,0,0,0,0,0,0
158,0,0,0,0,0,0,0,0,0,0,0,0
159,0.657827605,0.8350095,0.8350095,0.8350095,0.408231143,0.408231143,0.408231143,0.408231143,0.408231143,0.408231143,0.408231143,0.408231143
160,0.637766219,0.805979616,0.684155916,0.637766219,0,0,0,0,0,0,0,0.637766219
161,0,0,0,0,0,0,0,0,0,0,0,0
162,0,0.618188,0.618188,0,0,0,0,0,0,0,0,0
163,0,0,0,0,0,0,0,0,0,0,0,0
164,0,0.705591245,0.705591245,0,0,0,0,0,0,0,0,0
165,0,0.710164258,0,0,0,0,0,0,0,0,0,0
166,0,0.081615164,0.081615164,0,0,0,0,0,0,0,0,0
167,0,0,0,0,0,0,0,0,0,0,0,0
168,0,0.006450201,0.006450201,0,0,0,0,0,0,0,0,0
169,0,0.406246377,0.406246377,0,0,0,0,0,0,0,0,0
170,0,0.664110877,0.664110877,0,0,0,0,0,0,0,0,0
171,0,0.753921476,0.715334,0,0,0,0,0,0,0,0,0
172,0,0.595431515,0.41679747,0,0,0,0,0,0,0,0,0
173,0,0.437334859,0.437334859,0,0,0,0,0,0,0,0,0
174,0,0.618259473,0.618259473,0,0,0,0,0,0,0,0,0
175,0,0.7385519,0.7385519,0,0,0,0,0,0,0,0,0
176,0,0.554192819,0.553788303,0,0,0,0,0,0,0,0,0
177,0,0,0,0,0,0,0,0,0,0,0,0
178,0,0.51668408,0.511581243,0,0,0,0,0,0,0,0,0
179,0.190147427,0.383306193,0.370600931,0.163594461,0,0,0,0,0,0,0,0.139075458
180,0,0,0,0,0,0,0,0,0,0,0,0
181,0.62713075,0.719847409,0.652743413,0.682856188,0,0.622841067,0.622841067,0.622841067,0,0,0,0.622841067
182,0,0,0,0,0,0,0,0,0,0,0,0
183,0,0,0,0,0,0,0,0,0,0,0,0
184,0,0,0,0,0,0,0,0,0,0,0,0
185,0,0,0,0,0,0,0,0,0,0,0,0
186,0,0.2160063,0.2160063,0,0,0,0,0,0,0,0,0
187,0,0.126929112,0.031666699,0.015148566,0,0,0,0,0,0,0,0
188,0,0,0,0,0,0,0,0,0,0,0,0
189,0,0,0,0,0,0,0,0,0,0,0,0
190,0,0,0,0,0,0,0,0,0,0,0,0
191,0.60597025,0.8350095,0.8350095,0.8350095,0.44790819,0.44790819,0.44790819,0.44790819,0.44790819,0.44790819,0.44790819,0.44790819
192,0.608323874,0.80293327,0.68007778,0.608323874,0,0,0,0,0,0,0,0.608323874
193,0,0,0,0,0,0,0,0,0,0,0,0
194,0,0.609921546,0.609921546,0,0,0,0,0,0,0,0,0
195,0,0,0,0,0,0,0,0,0,0,0,0
196,0,0.715268849,0.715268849,0,0,0,0,0,0,0,0,0
197,0,0.724253746,0,0,0,0,0,0,0,0,0,0
198,0,0.092878885,0.092878885,0,0,0,0,0,0,0,0,0
199,0,0,0,0,0,0,0,0,0,0,0,0
200,0,0.010482198,0.010482198,0,0,0,0,0,0,0,0,0
201,0,0.571436823,0.571436823,0,0,0,0,0,0,0,0,0
202,0,0.517134539,0.517134539,0,0,0,0,0,0,0,0,0
203,0,0.75819302,0.749714159,0,0,0,0,0,0,0,0,0
204,0,0.530860474,0.430721868,0,0,0,0,0,0,0,0,0
205,0,0.323433843,0.323433843,0,0,0,0,0,0,0,0,0
206,0,0.631794988,0.631794988,0,0,0,0,0,0,0,0,0
207,0,0.7385519,0.7385519,0,0,0,0,0,0,0,0,0
208,0,0.211887021,0.204666534,0,0,0,0,0,0,0,0,0
209,0,0,0,0,0,0,0,0,0,0,0,0
210,0,0.542002733,0.536116079,0,0,0,0,0,0,0,0,0
211,0.199773262,0.352111099,0.344622288,0.177748911,0,0,0,0,0,0,0,0.146614378
212,0,0,0,0,0,0,0,0,0,0,0,0
213,0.610674601,0.68677936,0.644166871,0.644810539,0.600035531,0.600035531,0.600035531,0,0,0,0,0.600035531
214,0,0,0,0,0,0,0,0,0,0,0,0
215,0,0,0,0,0,0,0,0,0,0,0,0
216,0,0,0,0,0,0,0,0,0,0,0,0
217,0,0,0,0,0,0,0,0,0,0,0,0
218,0,0.2160063,0.2160063,0,0,0,0,0,0,0,0,0
219,0,0.124473648,0.033971417,0.019041394,0,0,0,0,0,0,0,0
220,0,0,0,0,0,0,0,0,0,0,0,0
221,0,0,0,0,0,0,0,0,0,0,0,0
222,0,0,0,0,0,0,0,0,0,0,0,0
223,0.721050358,0.8350095,0.8350095,0.8350095,0.577622619,0.577622619,0.577622619,0.577622619,0.577622619,0.577622619,0.577622619,0.577622619
224,0.628827544,0.800950567,0.674438238,0.628827544,0,0,0,0,0,0,0,0.628827544
225,0,0,0,0,0,0,0,0,0,0,0,0
226,0,0.263888487,0.263888487,0,0,0,0,0,0,0,0,0
227,0,0.023497749,0.023497749,0,0,0,0,0,0,0,0,0
228,0,0.736863712,0.736863712,0,0,0,0,0,0,0,0,0
229,0,0.64283504,0,0,0,0,0,0,0,0,0,0
230,0,0.079684043,0.079684043,0,0,0,0,0,0,0,0,0
231,0,0,0,0,0,0,0,0,0,0,0,0
232,0,0.036659796,0.036659796,0,0,0,0,0,0,0,0,0
233,0,0.429567356,0.429567356,0,0,0,0,0,0,0,0,0
234,0,0.719085455,0.719085455,0,0,0,0,0,0,0,0,0
235,0,0.747858238,0.724810105,0,0,0,0,0,0,0,0,0
236,0,0.494445615,0.241136915,0,0,0,0,0,0,0,0,0
237,0,0.437021158,0.437021158,0,0,0,0,0,0,0,0,0
238,0,0.525023706,0.525023706,0,0,0,0,0,0,0,0,0
239,0,0.7385519,0.7385519,0,0,0,0,0,0,0,0,0
240,0,0.317010575,0.312546235,0,0,0,0,0,0,0,0,0
241,0,0,0,0,0,0,0,0,0,0,0,0
242,0,0.527999491,0.525050531,0,0,0,0,0,0,0,0,0
243,0.160355083,0.384271228,0.374112641,0.141709644,0,0,0,0,0,0,0,0.11403621
244,0,0,0,0,0,0,0,0,0,0,0,0
245,0.581112757,0.667873852,0.599404867,0.611095916,0,0.577177773,0.577177773,0.577177773,0,0,0,0.577177773
246,0,0,0,0,0,0,0,0,0,0,0,0
247,0,0,0,0,0,0,0,0,0,0,0,0
248,0,0,0,0,0,0,0,0,0,0,0,0
249,0,0,0,0,0,0,0,0,0,0,0,0
250,0,0.2160063,0.2160063,0,0,0,0,0,0,0,0,0
251,0,0.115993981,0.037250358,0.015917727,0,0,0,0,0,0,0,0
252,0,0,0,0,0,0,0,0,0,0,0,0
253,0,0,0,0,0,0,0,0,0,0,0,0
254,0,0,0,0,0,0,0,0,0,0,0,0
255,0.646582257,0.8350095,0.8350095,0.8350095,0.491820772,0.491820772,0.491820772,0.491820772,0.491820772,0.491820772,0.491820772,0.491820772
256,0.62233588,0.800529691,0.666867342,0.62233588,0,0,0,0,0,0,0,0.62233588
257,0,0,0,0,0,0,0,0,0,0,0,0
258,0,0.618188,0.618188,0,0,0,0,0,0,0,0,0
259,0,0.008704606,0.008704606,0,0,0,0,0,0,0,0,0
260,0,0.736715692,0.736715692,0,0,0,0,0,0,0,0,0
261,0,0.684628874,0,0,0,0,0,0,0,0,0,0
262,0,0.079160021,0.079160021,0,0,0,0,0,0,0,0,0
263,0,0,0,0,0,0,0,0,0,0,0,0
264,0,0.045470237,0.045470237,0,0,0,0,0,0,0,0,0
265,0,0.472366708,0.472366708,0,0,0,0,0,0,0,0,0
266,0,0.703771727,0.703771727,0,0,0,0,0,0,0,0,0
267,0,0.76376655,0.743088715,0,0,0,0,0,0,0,0,0
268,0,0.484206783,0.318632621,0,0,0,0,0,0,0,0,0
269,0,0.415612294,0.415612294,0,0,0,0,0,0,0,0,0
270,0,0.492465623,0.492465623,0,0,0,0,0,0,0,0,0
271,0,0.7385519,0.7385519,0,0,0,0,0,0,0,0,0
272,0,0.514999371,0.506429123,0,0,0,0,0,0,0,0,0
273,0,0,0,0,0,0,0,0,0,0,0,0
274,0,0.55278226,0.549157893,0,0,0,0,0,0,0,0,0
275,0.195950566,0.410013325,0.400449582,0.174512153,0,0.143052772,0.143052772,0.143052772,0,0,0,0.143052772
276,0,0,0,0,0,0,0,0,0,0,0,0
277,0.570203798,0.680762103,0.637639344,0.644818054,0.565653029,0.565653029,0.565653029,0.565653029,0.565653029,0.565653029,0,0.565653029
278,0,0,0,0,0,0,0,0,0,0,0,0
279,0,0,0,0,0,0,0,0,0,0,0,0
280,0,0,0,0,0,0,0,0,0,0,0,0
281,0,0,0,0,0,0,0,0,0,0,0,0
282,0,0.2160063,0.2160063,0,0,0,0,0,0,0,0,0
283,0,0.126382022,0.048293087,0.024892819,0,0,0,0,0,0,0,0
284,0,0,0,0,0,0,0,0,0,0,0,0
285,0,0,0,0,0,0,0,0,0,0,0,0
286,0,0,0,0,0,0,0,0,0,0,0,0
287,0.650126102,0.8350095,0.8350095,0.8350095,0.48543569,0.48543569,0.48543569,0.48543569,0.48543569,0.48543569,0.48543569,0.48543569
288,0.62858286,0.802697831,0.681951369,0.62858286,0,0.62858286,0.62858286,0.62858286,0,0,0,0.62858286
289,0,0,0,0,0,0,0,0,0,0,0,0
290,0,0.618188,0.618188,0,0,0,0,0,0,0,0,0
291,0,0,0,0,0,0,0,0,0,0,0,0
292,0,0.67132885,0.67132885,0,0,0,0,0,0,0,0,0
293,0,0.695117995,0,0,0,0,0,0,0,0,0,0
294,0,0.167250566,0.167250566,0,0,0,0,0,0,0,0,0
295,0,0,0,0,0,0,0,0,0,0,0,0
296,0,0,0,0,0,0,0,0,0,0,0,0
297,0,0.297953886,0.297953886,0,0,0,0,0,0,0,0,0
298,0,0.71017334,0.71017334,0,0,0,0,0,0,0,0,0
299,0,0.763778494,0.755174818,0,0,0,0,0,0,0,0,0
300,0,0.622557383,0.282741374,0,0,0,0,0,0,0,0,0
301,0,0.428763842,0.428763842,0,0,0,0,0,0,0,0,0
302,0,0.527403479,0.527403479,0,0,0,0,0,0,0,0,0
303,0,0.7385519,0.7385519,0,0,0,0,0,0,0,0,0
304,0,0.437980783,0.42643778,0,0,0,0,0,0,0,0,0
305,0,0,0,0,0,0,0,0,0,0,0,0
306,0,0.535661816,0.532208189,0,0,0,0,0,0,0,0,0
307,0.182349802,0.362301087,0.355348496,0.156483097,0,0,0,0,0,0,0,0.127665867
308,0,0,0,0,0,0,0,0,0,0,0,0
309,0.60922058,0.696406026,0.661048877,0.647969387,0.600891282,0.600891282,0.600891282,0.600891282,0,0,0,0.600891282
310,0,0,0,0,0,0,0,0,0,0,0,0
311,0,0,0,0,0,0,0,0,0,0,0,0
312,0,0,0,0,0,0,0,0,0,0,0,0
313,0,0,0,0,0,0,0,0,0,0,0,0
314,0,0.2160063,0.2160063,0,0,0,0,0,0,0,0,0
315,0,0.11009349,0.043697558,0.020088633,0,0,0,0,0,0,0,0
316,0,0,0,0,0,0,0,0,0,0,0,0
317,0,0,0,0,0,0,0,0,0,0,0,0
318,0,0,0,0,0,0,0,0,0,0,0,0
319,0.610471953,0.8350095,0.8350095,0.8350095,0.444649722,0.444649722,0.444649722,0.444649722,0.444649722,0.444649722,0.444649722,0.444649722
320,0.605119626,0.805997792,0.647104009,0.605119626,0,0,0,0,0,0,0,0.605119626
321,0,0,0,0,0,0,0,0,0,0,0,0
322,0,0.443235066,0.443235066,0,0,0,0,0,0,0,0,0
323,0,0.005396565,0.005396565,0,0,0,0,0,0,0,0,0
324,0,0.747556471,0.747556471,0,0,0,0,0,0,0,0,0
325,0,0.71955222,0,0,0,0,0,0,0,0,0,0
326,0,0.123599104,0.123599104,0,0,0,0,0,0,0,0,0
327,0,0,0,0,0,0,0,0,0,0,0,0
328,0,0.010010161,0.010010161,0,0,0,0,0,0,0,0,0
329,0,0.597879064,0.597879064,0,0,0,0,0,0,0,0,0
330,0,0.760834069,0.760834069,0,0,0,0,0,0,0,0,0
331,0,0.748583719,0.713287035,0,0,0,0,0,0,0,0,0
332,0,0.611021717,0.261787847,0,0,0,0,0,0,0,0,0
333,0,0.53203823,0.53203823,0,0,0,0,0,0,0,0,0
334,0,0.615283786,0.615283786,0,0,0,0,0,0,0,0,0
335,0,0.7385519,0.7385519,0,0,0,0,0,0,0,0,0
336,0,0.614158004,0.61245302,0,0,0,0,0,0,0,0,0
337,0,0,0,0,0,0,0,0,0,0,0,0
338,0,0.567654414,0.563856714,0,0,0,0,0,0,0,0,0
339,0.172768249,0.387956271,0.380180758,0.151181162,0,0,0,0,0,0,0,0.117629899
340,0,0,0,0,0,0,0,0,0,0,0,0
341,0.652430103,0.708264015,0.683629539,0.640718198,0,0.648204202,0.648204202,0.648204202,0,0,0,0.648204202
342,0,0,0,0,0,0,0,0,0,0,0,0
343,0,0,0,0,0,0,0,0,0,0,0,0
344,0,0,0,0,0,0,0,0,0,0,0,0
345,0,0,0,0,0,0,0,0,0,0,0,0
346,0,0.2160063,0.2160063,0,0,0,0,0,0,0,0,0
347,0,0.090656846,0.033100375,0.01391359,0,0,0,0,0,0,0,0
348,0,0,0,0,0,0,0,0,0,0,0,0
349,0,0,0,0,0,0,0,0,0,0,0,0
350,0,0,0,0,0,0,0,0,0,0,0,0
351,0.693298472,0.8350095,0.8350095,0.8350095,0.523747457,0.523747457,0.523747457,0.523747457,0.523747457,0.523747457,0.523747457,0.523747457
352,0.638734007,0.803550652,0.684455993,0.638734007,0,0,0,0,0,0,0,0.638734007
353,0,0,0,0,0,0,0,0,0,0,0,0
354,0,0.329626642,0.329626642,0,0,0,0,0,0,0,0,0
355,0,0.002113096,0.002113096,0,0,0,0,0,0,0,0,0
356,0,0.662255641,0.662255641,0,0,0,0,0,0,0,0,0
357,0,0.699593016,0,0,0,0,0,0,0,0,0,0
358,0,0.058565769,0.058565769,0,0,0,0,0,0,0,0,0
359,0,0,0,0,0,0,0,0,0,0,0,0
360,0,0.009391443,0.009391443,0,0,0,0,0,0,0,0,0
361,0,0.553514084,0.553514084,0,0,0,0,0,0,0,0,0
362,0,0.730802216,0.730802216,0,0,0,0,0,0,0,0,0
363,0,0.749822101,0.742553684,0,0,0,0,0,0,0,0,0
364,0,0.559691464,0.42333553,0,0,0,0,0,0,0,0,0
365,0,0.199076224,0.199076224,0,0,0,0,0,0,0,0,0
366,0,0.59543243,0.59543243,0,0,0,0,0,0,0,0,0
367,0,0.7385519,0.7385519,0,0,0,0,0,0,0,0,0
368,0,0.257956837,0.21580042,0,0,0,0,0,0,0,0,0
369,0,0,0,0,0,0,0,0,0,0,0,0
370,0,0.50845078,0.503758806,0,0,0,0,0,0,0,0,0
371,0.211120467,0.382998697,0.374245398,0.18707424,0,0,0,0,0,0,0,0.155682416
372,0,0,0,0,0,0,0,0,0,0,0,0
373,0.598295156,0.699490124,0.617906101,0.649020105,0,0,0,0,0,0,0,0.582987642
374,0,0,0,0,0,0,0,0,0,0,0,0
375,0,0,0,0,0,0,0,0,0,0,0,0
376,0,0,0,0,0,0,0,0,0,0,0,0
377,0,0,0,0,0,0,0,0,0,0,0,0
378,0,0.2160063,0.2160063,0,0,0,0,0,0,0,0,0
379,0,0.140827366,0.055382994,0.029599225,0,0,0,0,0,0,0,0
380,0,0,0,0,0,0,0,0,0,0,0,0
381,0,0,0,0,0,0,0,0,0,0,0,0
382,0,0,0,0,0,0,0,0,0,0,0,0
383,0.561662479,0.8350095,0.8350095,0.8350095,0.294923537,0.294923537,0.294923537,0.294923537,0.294923537,0.294923537,0.294923537,0.294923537
384,0.649185336,0.794838815,0.686775739,0.649185336,0,0,0,0,0,0,0,0.649185336
385,0,0,0,0,0,0,0,0,0,0,0,0
386,0,0.120730801,0.120730801,0,0,0,0,0,0,0,0,0
387,0,0,0,0,0,0,0,0,0,0,0,0
388,0,0.720001389,0.720001389,0,0,0,0,0,0,0,0,0
389,0,0.642255508,0,0,0,0,0,0,0,0,0,0
390,0,0.064216093,0.064216093,0,0,0,0,0,0,0,0,0
391,0,0,0,0,0,0,0,0,0,0,0,0
392,0,0.036778978,0.036778978,0,0,0,0,0,0,0,0,0
393,0,0.563966439,0.563966439,0,0,0,0,0,0,0,0,0
394,0,0.749475455,0.749475455,0,0,0,0,0,0,0,0,0
395,0,0.715639459,0.692234594,0,0,0,0,0,0,0,0,0
396,0,0.602486959,0.106885582,0,0,0,0,0,0,0,0,0
397,0,0.326728237,0.326728237,0,0,0,0,0,0,0,0,0
398,0,0.50520126,0.50520126,0,0,0,0,0,0,0,0,0
399,0,0.7385519,0.7385519,0,0,0,0,0,0,0,0,0
400,0,0.349888101,0.34939854,0,0,0,0,0,0,0,0,0
401,0,0,0,0,0,0,0,0,0,0,0,0
402,0,0.563329,0.560806825,0,0,0,0,0,0,0,0,0
403,0.201682666,0.374057186,0.365777337,0.174290428,0,0,0.13577935,0.13577935,0.13577935,0,0,0.13577935
404,0,0,0,0,0,0,0,0,0,0,0,0
405,0.627154766,0.700747197,0.661970388,0.654810739,0.624647878,0.624647878,0.624647878,0.624647878,0.624647878,0.624647878,0.624647878,0.624647878
406,0,0,0,0,0,0,0,0,0,0,0,0
407,0,0,0,0,0,0,0,0,0,0,0,0
408,0,0,0,0,0,0,0,0,0,0,0,0
409,0,0,0,0,0,0,0,0,0,0,0,0
410,0,0.2160063,0.2160063,0,0,0,0,0,0,0,0,0
411,0,0.109535995,0.040219675,0.014837995,0,0,0,0,0,0,0,0
412,0,0,0,0,0,0,0,0,0,0,0,0
413,0,0,0,0,0,0,0,0,0,0,0,0
414,0,0,0,0,0,0,0,0,0,0,0,0
415,0.714847865,0.8350095,0.8350095,0.8350095,0.482303255,0.482303255,0.482303255,0.482303255,0.482303255,0.482303255,0.482303255,0.482303255
416,0.598072995,0.806424599,0.635027754,0.598072995,0,0,0.598072995,0.598072995,0.598072995,0,0,0.598072995
417,0,0,0,0,0,0,0,0,0,0,0,0
418,0,0.518938992,0.518938992,0,0,0,0,0,0,0,0,0
419,0,0,0,0,0,0,0,0,0,0,0,0
420,0,0.741603321,0.741603321,0,0,0,0,0,0,0,0,0
421,0,0.675225209,0,0,0,0,0,0,0,0,0,0
422,0,0.264974199,0.264974199,0,0,0,0,0,0,0,0,0
423,0,0,0,0,0,0,0,0,0,0,0,0
424,0,0,0,0,0,0,0,0,0,0,0,0
425,0,0.043494237,0.043494237,0,0,0,0,0,0,0,0,0
426,0,0.7649921,0.7649921,0,0,0,0,0,0,0,0,0
427,0,0.759606627,0.741976404,0,0,0,0,0,0,0,0,0
428,0,0.58820925,0.109279018,0,0,0,0,0,0,0,0,0
429,0,0.619810451,0.619810451,0,0,0,0,0,0,0,0,0
430,0,0.628633448,0.628633448,0,0,0,0,0,0,0,0,0
431,0,0.7385519,0.7385519,0,0,0,0,0,0,0,0,0
432,0,0.348946087,0.347927053,0,0,0,0,0,0,0,0,0
433,0,0,0,0,0,0,0,0,0,0,0,0
434,0,0.593810869,0.592042436,0,0,0,0,0,0,0,0,0
435,0.210126815,0.332098282,0.324143308,0.182492711,0,0,0,0,0,0,0,0.142717246
436,0,0,0,0,0,0,0,0,0,0,0,0
437,0.650801562,0.729154031,0.686744996,0.689873681,0,0,0,0,0,0,0,0.648550054
438,0,0,0,0,0,0,0,0,0,0,0,0
439,0,0,0,0,0,0,0,0,0,0,0,0
440,0,0,0,0,0,0,0,0,0,0,0,0
441,0,0,0,0,0,0,0,0,0,0,0,0
442,0,0.2160063,0.2160063,0,0,0,0,0,0,0,0,0
443,0,0.102711123,0.036120803,0.02225956,0,0,0,0,0,0,0,0
444,0,0,0,0,0,0,0,0,0,0,0,0
445,0,0,0,0,0,0,0,0,0,0,0,0
446,0,0,0,0,0,0,0,0,0,0,0,0
447,0.693933663,0.8350095,0.8350095,0.8350095,0.424450579,0.424450579,0.424450579,0.424450579,0.424450579,0.424450579,0.424450579,0.424450579
448,0.642570775,0.802745428,0.675405892,0.642570775,0,0,0,0,0,0,0,0.642570775
449,0,0,0,0,0,0,0,0,0,0,0,0
450,0,0.617001732,0.617001732,0,0,0,0,0,0,0,0,0
451,0,0.002645525,0.002645525,0,0,0,0,0,0,0,0,0
452,0,0.73647613,0.73647613,0,0,0,0,0,0,0,0,0
453,0,0.636373287,0,0,0,0,0,0,0,0,0,0
454,0,0.201616391,0.201616391,0,0,0,0,0,0,0,0,0
455,0,0,0,0,0,0,0,0,0,0,0,0
456,0,0.066162325,0.066162325,0,0,0,0,0,0,0,0,0
457,0,0.40027125,0.40027125,0,0,0,0,0,0,0,0,0
458,0,0.743884619,0.743884619,0,0,0,0,0,0,0,0,0
459,0,0.718960179,0.708098028,0,0,0,0,0,0,0,0,0
460,0,0.57645784,0.336074686,0,0,0,0,0,0,0,0,0
461,0,0.508469574,0.508469574,0,0,0,0,0,0,0,0,0
462,0,0.606320294,0.606320294,0,0,0,0,0,0,0,0,0
463,0,0.7385519,0.7385519,0,0,0,0,0,0,0,0,0
464,0,0.298481298,0.225796243,0,0,0,0,0,0,0,0,0
465,0,0,0,0,0,0,0,0,0,0,0,0
466,0,0.551294139,0.546305126,0,0,0,0,0,0,0,0,0
467,0.201502921,0.392757705,0.386100401,0.17883064,0,0.151237354,0.151237354,0.151237354,0,0,0,0.151237354
468,0,0,0,0,0,0,0,0,0,0,0,0
469,0.622199099,0.679448626,0.643934812,0.632781443,0,0.603902496,0.603902496,0.603902496,0.603902496,0.603902496,0,0.603902496
470,0,0,0,0,0,0,0,0,0,0,0,0
471,0,0,0,0,0,0,0,0,0,0,0,0
472,0,0,0,0,0,0,0,0,0,0,0,0
473,0,0,0,0,0,0,0,0,0,0,0,0
474,0,0.2160063,0.2160063,0,0,0,0,0,0,0,0,0
475,0,0.135998177,0.049028779,0.028770282,0,0,0,0,0,0,0,0
476,0,0,0,0,0,0,0,0,0,0,0,0
477,0,0,0,0,0,0,0,0,0,0,0,0
478,0,0,0,0,0,0,0,0,0,0,0,0
479,0.699074162,0.8350095,0.8350095,0.8350095,0.370518666,0.370518666,0.370518666,0.370518666,0.370518666,0.370518666,0.370518666,0.370518666
480,0.653858127,0.812433025,0.685493369,0.653858127,0,0.653858127,0.653858127,0.653858127,0,0,0,0.653858127
481,0,0,0,0,0,0,0,0,0,0,0,0
482,0,0.595470027,0.595470027,0,0,0,0,0,0,0,0,0
483,0,0,0,0,0,0,0,0,0,0,0,0
484,0,0.74049668,0.74049668,0,0,0,0,0,0,0,0,0
485,0,0.663659028,0,0,0,0,0,0,0,0,0,0
486,0,0.113297834,0.113297834,0,0,0,0,0,0,0,0,0
487,0,0,0,0,0,0,0,0,0,0,0,0
488,0,0.026365162,0.026365162,0,0,0,0,0,0,0,0,0
489,0,0.404140061,0.404140061,0,0,0,0,0,0,0,0,0
490,0,0.714594259,0.714594259,0,0,0,0,0,0,0,0,0
491,0,0.76333688,0.754987193,0,0,0,0,0,0,0,0,0
492,0,0.436369248,0.17755435,0,0,0,0,0,0,0,0,0
493,0,0.32209535,0.32209535,0,0,0,0,0,0,0,0,0
494,0,0.627733417,0.627733417,0,0,0,0,0,0,0,0,0
495,0,0.7385519,0.7385519,0,0,0,0,0,0,0,0,0
496,0,0.385200133,0.375996065,0,0,0,0,0,0,0,0,0
497,0,0,0,0,0,0,0,0,0,0,0,0
498,0,0.555908563,0.550312865,0,0,0,0,0,0,0,0,0
499,0.200504599,0.358109019,0.349669412,0.176815883,0,0,0,0,0,0,0,0.143864773
500,0,0,0,0,0,0,0,0,0,0,0,0
501,0.638155316,0.723816342,0.680017794,0.66226782,0.622667337,0.622667337,0.622667337,0.622667337,0,0,0,0.622667337
502,0,0,0,0,0,0,0,0,0,0,0,0
503,0,0,0,0,0,0,0,0,0,0,0,0
504,0,0,0,0,0,0,0,0,0,0,0,0
505,0,0,0,0,0,0,0,0,0,0,0,0
506,0,0.2160063,0.2160063,0,0,0,0,0,0,0,0,0
507,0,0.124303334,0.043459645,0.019997681,0,0,0,0,0,0,0,0
508,0,0,0,0,0,0,0,0,0,0,0,0
509,0,0,0,0,0,0,0,0,0,0,0,0
510,0,0,0,0,0,0,0,0,0,0,0,0
511,0.690724203,0.8350095,0.8350095,0.8350095,0.415202306,0.415202306,0.415202306,0.415202306,0.415202306,0.415202306,0.415202306,0.415202306
512,0.644522049,0.807964479,0.678534632,0.644522049,0,0,0,0,0,0,0,0.644522049
513,0,0,0,0,0,0,0,0,0,0,0,0
514,0,0.149829992,0.149829992,0,0,0,0,0,0,0,0,0
515,0,0,0,0,0,0,0,0,0,0,0,0
516,0,0.428205897,0.428205897,0,0,0,0,0,0,0,0,0
517,0,0.70179657,0,0,0,0,0,0,0,0,0,0
518,0,0.020868457,0.020868457,0,0,0,0,0,0,0,0,0
519,0,0,0,0,0,0,0,0,0,0,0,0
520,0,0.029747479,0.029747479,0,0,0,0,0,0,0,0,0
521,0,0.320621939,0.320621939,0,0,0,0,0,0,0,0,0
522,0,0.7649921,0.7649921,0,0,0,0,0,0,0,0,0
523,0,0.764758864,0.758076662,0,0,0,0,0,0,0,0,0
524,0,0.545638577,0.222819093,0,0,0,0,0,0,0,0,0
525,0,0.437197208,0.437197208,0,0,0,0,0,0,0,0,0
526,0,0.615603692,0.615603692,0,0,0,0,0,0,0,0,0
527,0,0.7385519,0.7385519,0,0,0,0,0,0,0,0,0
528,0,0.390611717,0.390611717,0,0,0,0,0,0,0,0,0
529,0,0,0,0,0,0,0,0,0,0,0,0
530,0,0.56215866,0.551455044,0,0,0,0,0,0,0,0,0
531,0.190046283,0.328360981,0.31794983,0.164284734,0,0,0,0,0,0,0,0.128578634
532,0,0,0,0,0,0,0,0,0,0,0,0
533,0.612141848,0.70265254,0.651829849,0.662178128,0.592402947,0.592402947,0.592402947,0.592402947,0.592402947,0,0,0.592402947
534,0,0,0,0,0,0,0,0,0,0,0,0
535,0,0,0,0,0,0,0,0,0,0,0,0
536,0,0,0,0,0,0,0,0,0,0,0,0
537,0,0,0,0,0,0,0,0,0,0,0,0
538,0,0.2160063,0.2160063,0,0,0,0,0,0,0,0,0
539,0,0.118632639,0.027696796,0.015178353,0,0,0,0,0,0,0,0
540,0,0,0,0,0,0,0,0,0,0,0,0
541,0,0,0,0,0,0,0,0,0,0,0,0
542,0,0,0,0,0,0,0,0,0,0,0,0
543,0.713762904,0.8350095,0.8350095,0.8350095,0.469342711,0.469342711,0.469342711,0.469342711,0.469342711,0.469342711,0.469342711,0.469342711
544,0.597201204,0.805434654,0.641204518,0.597201204,0,0,0,0,0,0,0,0.597201204
545,0,0,0,0,0,0,0,0,0,0,0,0
546,0,0.500168169,0.500168169,0,0,0,0,0,0,0,0,0
547,0,0,0,0,0,0,0,0,0,0,0,0
548,0,0.721589529,0.721589529,0,0,0,0,0,0,0,0,0
549,0,0.727684362,0,0,0,0,0,0,0,0,0,0
550,0,0.033380727,0.033380727,0,0,0,0,0,0,0,0,0
551,0,0,0,0,0,0,0,0,0,0,0,0
552,0,0.013431771,0.013431771,0,0,0,0,0,0,0,0,0
553,0,0.548948666,0.548948666,0,0,0,0,0,0,0,0,0
554,0,0.7649921,0.7649921,0,0,0,0,0,0,0,0,0
555,0,0.762316392,0.7606348,0,0,0,0,0,0,0,0,0
556,0,0.5735704,0.301066101,0,0,0,0,0,0,0,0,0
557,0,0.513510654,0.513510654,0,0,0,0,0,0,0,0,0
558,0,0.625816193,0.625816193,0,0,0,0,0,0,0,0,0
559,0,0.7385519,0.7385519,0,0,0,0,0,0,0,0,0
560,0,0.273509986,0.246109349,0,0,0,0,0,0,0,0,0
561,0,0,0,0,0,0,0,0,0,0,0,0
562,0,0.604045359,0.600250993,0,0,0,0,0,0,0,0,0
563,0.217533683,0.34826435,0.341696272,0.187935829,0.148046571,0.148046571,0.148046571,0,0,0,0,0.148046571
564,0,0,0,0,0,0,0,0,0,0,0,0
565,0.624621123,0.71846072,0.678685739,0.674542711,0.609867581,0.609867581,0.609867581,0.609867581,0.609867581,0,0,0.609867581
566,0,0,0,0,0,0,0,0,0,0,0,0
567,0,0,0,0,0,0,0,0,0,0,0,0
568,0,0,0,0,0,0,0,0,0,0,0,0
569,0,0,0,0,0,0,0,0,0,0,0,0
570,0,0.2160063,0.2160063,0,0,0,0,0,0,0,0,0
571,0,0.102626126,0.036996183,0.019063849,0,0,0,0,0,0,0,0
572,0,0,0,0,0,0,0,0,0,0,0,0
573,0,0,0,0,0,0,0,0,0,0,0,0
574,0,0,0,0,0,0,0,0,0,0,0,0
575,0.754658498,0.8350095,0.8350095,0.8350095,0.513170597,0.513170597,0.513170597,0.513170597,0.513170597,0.513170597,0.513170597,0.513170597
576,0.623487525,0.798157173,0.654869089,0.623487525,0.623487525,0.623487525,0.623487525,0,0,0,0,0.623487525
577,0,0,0,0,0,0,0,0,0,0,0,0
578,0,0.434946185,0.434946185,0,0,0,0,0,0,0,0,0
579,0,0,0,0,0,0,0,0,0,0,0,0
580,0,0.704224734,0.704224734,0,0,0,0,0,0,0,0,0
581,0,0.629092668,0,0,0,0,0,0,0,0,0,0
582,0,0.050363877,0.050363877,0,0,0,0,0,0,0,0,0
583,0,0,0,0,0,0,0,0,0,0,0,0
584,0,0.009529518,0.009529518,0,0,0,0,0,0,0,0,0
585,0,0.280696151,0.280696151,0,0,0,0,0,0,0,0,0
586,0,0.752795169,0.752795169,0,0,0,0,0,0,0,0,0
587,0,0.763634276,0.759543345,0,0,0,0,0,0,0,0,0
588,0,0.626168766,0.050854324,0,0,0,0,0,0,0,0,0
589,0,0.364594298,0.364594298,0,0,0,0,0,0,0,0,0
590,0,0.628465045,0.628465045,0,0,0,0,0,0,0,0,0
591,0,0.7385519,0.7385519,0,0,0,0,0,0,0,0,0
592,0,0.212305583,0.208347948,0,0,0,0,0,0,0,0,0
593,0,0,0,0,0,0,0,0,0,0,0,0
594,0,0.557384331,0.55373941,0,0,0,0,0,0,0,0,0
595,0.208386266,0.350209416,0.342749325,0.185385778,0,0,0,0,0,0,0,0.149783628
596,0,0,0,0,0,0,0,0,0,0,0,0
597,0.626110616,0.700102509,0.671578833,0.635121722,0.618365644,0.618365644,0.618365644,0,0,0,0,0.618365644
598,0,0,0,0,0,0,0,0,0,0,0,0
599,0,0,0,0,0,0,0,0,0,0,0,0
600,0,0,0,0,0,0,0,0,0,0,0,0
601,0,0,0,0,0,0,0,0,0,0,0,0
602,0,0.2160063,0.2160063,0,0,0,0,0,0,0,0,0
603,0,0.141826953,0.057870306,0.038731086,0,0,0,0,0,0,0,0
604,0,0,0,0,0,0,0,0,0,0,0,0
605,0,0,0,0,0,0,0,0,0,0,0,0
606,0,0,0,0,0,0,0,0,0,0,0,0
607,0.743517647,0.8350095,0.8350095,0.8350095,0.361177887,0.361177887,0.361177887,0.361177887,0.361177887,0.361177887,0.361177887,0.361177887
608,0.629334793,0.791406138,0.669642624,0.629334793,0,0,0,0,0,0,0,0.629334793
609,0,0,0,0,0,0,0,0,0,0,0,0
610,0,0.618188,0.618188,0,0,0,0,0,0,0,0,0
611,0,0,0,0,0,0,0,0,0,0,0,0
612,0,0.718243927,0.718243927,0,0,0,0,0,0,0,0,0
613,0,0.747307361,0,0,0,0,0,0,0,0,0,0
614,0,0.021984236,0.021984236,0,0,0,0,0,0,0,0,0
615,0,0,0,0,0,0,0,0,0,0,0,0
616,0,0.018779008,0.018779008,0,0,0,0,0,0,0,0,0
617,0,0.424242987,0.424242987,0,0,0,0,0,0,0,0,0
618,0,0.764366012,0.764366012,0,0,0,0,0,0,0,0,0
619,0,0.751617641,0.750049666,0,0,0,0,0,0,0,0,0
620,0,0.267625028,0.201289387,0,0,0,0,0,0,0,0,0
621,0,0.551523182,0.551523182,0,0,0,0,0,0,0,0,0
622,0,0.6352941,0.6352941,0,0,0,0,0,0,0,0,0
623,0,0.7385519,0.7385519,0,0,0,0,0,0,0,0,0
624,0,0.201787822,0.196771595,0,0,0,0,0,0,0,0,0
625,0,0,0,0,0,0,0,0,0,0,0,0
626,0,0.612041895,0.605875196,0,0,0,0,0,0,0,0,0
627,0.199306147,0.325085576,0.317714861,0.174861826,0,0,0,0,0,0,0,0.133260947
628,0,0,0,0,0,0,0,0,0,0,0,0
629,0.582248117,0.675732328,0.632917765,0.604750647,0,0,0,0,0,0,0,0.575531907
630,0,0,0,0,0,0,0,0,0,0,0,0
631,0,0,0,0,0,0,0,0,0,0,0,0
632,0,0,0,0,0,0,0,0,0,0,0,0
633,0,0,0,0,0,0,0,0,0,0,0,0
634,0,0.2160063,0.2160063,0,0,0,0,0,0,0,0,0
635,0,0.146127685,0.049181854,0.030065322,0,0,0,0,0,0,0,0
636,0,0,0,0,0,0,0,0,0,0,0,0
637,0,0,0,0,0,0,0,0,0,0,0,0
638,0,0,0,0,0,0,0,0,0,0,0,0
639,0.617929307,0.8350095,0.8350095,0.8350095,0.424073985,0.424073985,0.424073985,0.424073985,0.424073985,0.424073985,0.424073985,0.424073985
640,0.616901853,0.802372802,0.649885927,0.616901853,0,0,0,0,0,0,0,0.616901853
